{"cameraMode":{"drawMode":0,"name":"Shaded","section":"Shading Mode"},"sceneLighting":true,"audioPlay":false,"sceneViewState":{"showFog":true,"showMaterialUpdate":false,"showSkybox":true,"showFlares":true,"showImageEffects":true,"showParticleSystems":true},"in2DMode":false,"pivot":{"x":-18.192237854003908,"y":-82.17804718017578,"z":38.50871276855469},"rotation":{"x":0.013762217015028,"y":-0.9359137415885925,"z":0.3500365912914276,"w":0.03679671511054039},"size":233.33880615234376,"orthographic":false}