{"cameraMode":{"drawMode":0,"name":"Shaded","section":"Shading Mode"},"sceneLighting":true,"audioPlay":false,"sceneViewState":{"showFog":true,"showMaterialUpdate":false,"showSkybox":true,"showFlares":true,"showImageEffects":true,"showParticleSystems":true},"in2DMode":false,"pivot":{"x":-7.441009521484375,"y":29.639728546142579,"z":-34.36307144165039},"rotation":{"x":0.06492779403924942,"y":0.8253799676895142,"z":-0.0970117598772049,"w":0.5523936748504639},"size":160.396240234375,"orthographic":false}