{"cameraMode":{"drawMode":0,"name":"Shaded","section":"Shading Mode"},"sceneLighting":false,"audioPlay":false,"sceneViewState":{"showFog":true,"showMaterialUpdate":false,"showSkybox":true,"showFlares":true,"showImageEffects":true,"showParticleSystems":true},"in2DMode":false,"pivot":{"x":112.5199966430664,"y":131.92001342773438,"z":-10.730036735534668},"rotation":{"x":-0.06878188997507096,"y":0.0687737986445427,"z":-0.004760717507451773,"w":-0.9952635765075684},"size":573.2772827148438,"orthographic":true}