{"cameraMode":{"drawMode":0,"name":"Shaded","section":"Shading Mode"},"sceneLighting":false,"audioPlay":false,"sceneViewState":{"showFog":true,"showMaterialUpdate":false,"showSkybox":true,"showFlares":true,"showImageEffects":true,"showParticleSystems":true},"in2DMode":false,"pivot":{"x":2360.275146484375,"y":136.21929931640626,"z":-33.88502502441406},"rotation":{"x":0.06270676106214524,"y":-0.309145450592041,"z":0.02043771557509899,"w":0.9487420916557312},"size":500.3887634277344,"orthographic":true}