{"cameraMode":{"drawMode":0,"name":"Shaded","section":"Shading Mode"},"sceneLighting":true,"audioPlay":false,"sceneViewState":{"showFog":true,"showMaterialUpdate":false,"showSkybox":true,"showFlares":true,"showImageEffects":true,"showParticleSystems":true},"in2DMode":false,"pivot":{"x":-0.537109375,"y":2.5938720703125,"z":-1.584716796875},"rotation":{"x":0.026724977418780328,"y":-0.7506007552146912,"z":0.030416224151849748,"w":0.6595212817192078},"size":3.926043748855591,"orthographic":true}