{"cameraMode":{"drawMode":0,"name":"Shaded","section":"Shading Mode"},"sceneLighting":true,"audioPlay":false,"sceneViewState":{"showFog":true,"showMaterialUpdate":false,"showSkybox":true,"showFlares":true,"showImageEffects":true,"showParticleSystems":true},"in2DMode":false,"pivot":{"x":3932.40087890625,"y":15789.68359375,"z":1851.4542236328125},"rotation":{"x":0.18909548223018647,"y":-0.05093686282634735,"z":0.0098229655995965,"w":0.9805904030799866},"size":528.8756713867188,"orthographic":false}